instance,source,scenario_index,depot_internal,truck_walk_eval_preferred,truck_assigned_demands,drone_sequence_spt,drone_assigned_demands,drone_arrival_time
Instance1,gurobi_best,0,15,"[15, 6, 14, 6, 15]","[6, 14]","[0, 4, 2, 11]","[0, 2, 4, 11]","{""0"": 0.0, ""11"": 271.0, ""2"": 94.0, ""4"": 10.0}"
Instance1,gurobi_best,0,17,"[17, 5, 12, 1, 3, 9, 1, 12, 5, 7, 5, 17]","[1, 3, 5, 7, 9, 12]","[8, 10, 13]","[8, 10, 13]","{""10"": 108.5, ""13"": 250.5, ""8"": 28.5}"
Instance1,gurobi_best,1,15,"[15, 0, 2, 11, 7, 11, 2, 0, 15]","[0, 2, 7, 11]","[4, 6, 14]","[4, 6, 14]","{""14"": 225.5, ""4"": 10.0, ""6"": 65.5}"
Instance1,gurobi_best,1,17,"[17, 5, 12, 1, 3, 9, 3, 1, 9, 1, 12, 5, 17]","[1, 3, 5, 9, 12]","[8, 10, 13]","[8, 10, 13]","{""10"": 108.5, ""13"": 250.5, ""8"": 28.5}"
Instance1,gurobi_best,2,15,"[15, 0, 4, 6, 14, 6, 0, 15]","[0, 4, 6, 14]","[2, 11]","[2, 11]","{""11"": 251.0, ""2"": 74.0}"
Instance1,gurobi_best,2,17,"[17, 5, 12, 1, 3, 1, 9, 3, 9, 1, 12, 5, 7, 17]","[1, 3, 5, 7, 9, 12]","[8, 10, 13]","[8, 10, 13]","{""10"": 108.5, ""13"": 250.5, ""8"": 28.5}"
Instance1,gurobi_best,3,15,"[15, 0, 4, 6, 14, 6, 4, 15]","[0, 4, 6, 14]","[2, 11]","[2, 11]","{""11"": 251.0, ""2"": 74.0}"
Instance1,gurobi_best,3,17,"[17, 5, 12, 1, 9, 3, 1, 12, 5, 7, 17]","[1, 3, 5, 7, 9, 12]","[8, 10, 13]","[8, 10, 13]","{""10"": 108.5, ""13"": 250.5, ""8"": 28.5}"
Instance1,gurobi_best,4,15,"[15, 0, 2, 11, 7, 11, 2, 0, 15]","[0, 2, 7, 11]","[4, 6, 14]","[4, 6, 14]","{""14"": 225.5, ""4"": 10.0, ""6"": 65.5}"
Instance1,gurobi_best,4,17,"[17, 5, 12, 1, 3, 9, 1, 12, 17]","[1, 3, 5, 9, 12]","[8, 10, 13]","[8, 10, 13]","{""10"": 108.5, ""13"": 250.5, ""8"": 28.5}"
Instance1,gurobi_best,5,15,"[15, 0, 2, 11, 7, 11, 2, 0, 15]","[0, 2, 7, 11]","[4, 6, 14]","[4, 6, 14]","{""14"": 225.5, ""4"": 10.0, ""6"": 65.5}"
Instance1,gurobi_best,5,17,"[17, 12, 1, 3, 1, 9, 3, 9, 1, 12, 17]","[1, 3, 9, 12]","[5, 8, 10, 13]","[5, 8, 10, 13]","{""10"": 108.5, ""13"": 250.5, ""5"": 0.0, ""8"": 28.5}"
Instance1,gurobi_best,6,15,"[15, 0, 4, 6, 14, 6, 15]","[0, 4, 6, 14]","[2, 11]","[2, 11]","{""11"": 251.0, ""2"": 74.0}"
Instance1,gurobi_best,6,17,"[17, 5, 12, 1, 3, 1, 9, 3, 9, 1, 12, 5, 7, 17]","[1, 3, 5, 7, 9, 12]","[8, 10, 13]","[8, 10, 13]","{""10"": 108.5, ""13"": 250.5, ""8"": 28.5}"
Instance1,gurobi_best,7,15,"[15, 0, 2, 11, 7, 11, 2, 0, 15]","[0, 2, 7, 11]","[4, 6, 14]","[4, 6, 14]","{""14"": 225.5, ""4"": 10.0, ""6"": 65.5}"
Instance1,gurobi_best,7,17,"[17, 5, 12, 1, 3, 9, 1, 12, 5, 17]","[1, 3, 5, 9, 12]","[8, 10, 13]","[8, 10, 13]","{""10"": 108.5, ""13"": 250.5, ""8"": 28.5}"
Instance1,gurobi_best,8,15,"[15, 2, 11, 7, 11, 2, 15]","[2, 7, 11]","[0, 4, 6, 14]","[0, 4, 6, 14]","{""0"": 0.0, ""14"": 225.5, ""4"": 10.0, ""6"": 65.5}"
Instance1,gurobi_best,8,17,"[17, 5, 12, 1, 3, 9, 1, 12, 17]","[1, 3, 5, 9, 12]","[8, 10, 13]","[8, 10, 13]","{""10"": 108.5, ""13"": 250.5, ""8"": 28.5}"
Instance1,gurobi_best,9,15,"[15, 0, 4, 6, 14, 6, 0, 15]","[0, 4, 6, 14]","[2, 9]","[2, 9]","{""2"": 74.0, ""9"": 312.5}"
Instance1,gurobi_best,9,17,"[17, 7, 13, 7, 10, 7, 11, 7, 17]","[7, 10, 11, 13]","[5, 8, 12, 1, 3]","[1, 3, 5, 8, 12]","{""1"": 170.0, ""12"": 88.0, ""3"": 287.5, ""5"": 0.0, ""8"": 28.5}"
Instance2,gurobi_best,0,15,"[15, 1, 5, 10, 4, 8, 4, 10, 8, 10, 5, 15]","[1, 4, 5, 8, 10]","[11, 6, 9]","[6, 9, 11]","{""11"": 1.0, ""6"": 6.0, ""9"": 15.0}"
Instance2,gurobi_best,0,16,"[16, 3, 7, 2, 13, 14, 13, 2, 7, 16]","[2, 3, 7, 13, 14]","[0, 12]","[0, 12]","{""0"": 4.5, ""12"": 17.0}"
Instance2,gurobi_best,1,15,"[15, 1, 5, 6, 14, 13, 14, 6, 1, 15]","[1, 5, 6, 13, 14]","[11, 9, 8]","[8, 9, 11]","{""11"": 1.0, ""8"": 24.0, ""9"": 7.0}"
Instance2,gurobi_best,1,16,"[16, 0, 12, 10, 4, 10, 12, 0, 16]","[0, 4, 10, 12]","[3, 7, 2]","[2, 3, 7]","{""2"": 20.0, ""3"": 0.0, ""7"": 5.5}"
Instance2,gurobi_best,2,15,"[15, 1, 5, 10, 4, 8, 10, 5, 15]","[1, 4, 5, 8, 10]","[11, 6, 9]","[6, 9, 11]","{""11"": 1.0, ""6"": 6.0, ""9"": 15.0}"
Instance2,gurobi_best,2,16,"[16, 7, 2, 13, 14, 13, 2, 7, 16]","[2, 7, 13, 14]","[3, 0, 12]","[0, 3, 12]","{""0"": 4.5, ""12"": 17.0, ""3"": 0.0}"
Instance2,gurobi_best,3,15,"[15, 1, 5, 10, 4, 8, 10, 5, 1, 15]","[1, 4, 5, 8, 10]","[11, 6, 9]","[6, 9, 11]","{""11"": 1.0, ""6"": 6.0, ""9"": 15.0}"
Instance2,gurobi_best,3,16,"[16, 3, 7, 2, 13, 14, 13, 2, 7, 3, 16]","[2, 3, 7, 13, 14]","[0, 12]","[0, 12]","{""0"": 4.5, ""12"": 17.0}"
Instance2,gurobi_best,4,15,"[15, 1, 5, 10, 4, 8, 4, 10, 5, 1, 15]","[1, 4, 5, 8, 10]","[11, 6, 9]","[6, 9, 11]","{""11"": 1.0, ""6"": 6.0, ""9"": 15.0}"
Instance2,gurobi_best,4,16,"[16, 7, 2, 13, 14, 13, 2, 7, 16]","[2, 7, 13, 14]","[3, 0, 12]","[0, 3, 12]","{""0"": 4.5, ""12"": 17.0, ""3"": 0.0}"
Instance2,gurobi_best,5,15,"[15, 1, 6, 5, 10, 4, 10, 5, 15]","[1, 4, 5, 6, 10]","[11, 9, 8]","[8, 9, 11]","{""11"": 1.0, ""8"": 24.0, ""9"": 7.0}"
Instance2,gurobi_best,5,16,"[16, 7, 2, 13, 14, 13, 2, 7, 16]","[2, 7, 13, 14]","[3, 0, 12]","[0, 3, 12]","{""0"": 4.5, ""12"": 17.0, ""3"": 0.0}"
Instance2,gurobi_best,6,15,"[15, 5, 10, 4, 8, 10, 5, 15]","[4, 5, 8, 10]","[1, 11, 6, 9]","[1, 6, 9, 11]","{""1"": 0.0, ""11"": 1.0, ""6"": 6.0, ""9"": 15.0}"
Instance2,gurobi_best,6,16,"[16, 7, 2, 13, 14, 13, 2, 7, 16]","[2, 7, 13, 14]","[3, 0, 12]","[0, 3, 12]","{""0"": 4.5, ""12"": 17.0, ""3"": 0.0}"
Instance2,gurobi_best,7,15,"[15, 1, 5, 10, 4, 8, 10, 5, 15]","[1, 4, 5, 8, 10]","[11, 6, 9]","[6, 9, 11]","{""11"": 1.0, ""6"": 6.0, ""9"": 15.0}"
Instance2,gurobi_best,7,16,"[16, 3, 7, 2, 13, 14, 13, 2, 7, 16]","[2, 3, 7, 13, 14]","[0, 12]","[0, 12]","{""0"": 4.5, ""12"": 17.0}"
Instance2,gurobi_best,8,15,"[15, 1, 5, 10, 4, 8, 10, 5, 1, 15]","[1, 4, 5, 8, 10]","[11, 6, 9]","[6, 9, 11]","{""11"": 1.0, ""6"": 6.0, ""9"": 15.0}"
Instance2,gurobi_best,8,16,"[16, 3, 7, 2, 13, 14, 13, 2, 7, 16]","[2, 3, 7, 13, 14]","[0, 12]","[0, 12]","{""0"": 4.5, ""12"": 17.0}"
Instance2,gurobi_best,9,15,"[15, 1, 5, 10, 4, 8, 10, 5, 1, 15]","[1, 4, 5, 8, 10]","[11, 6, 9]","[6, 9, 11]","{""11"": 1.0, ""6"": 6.0, ""9"": 15.0}"
Instance2,gurobi_best,9,16,"[16, 3, 7, 2, 13, 14, 13, 2, 7, 16]","[2, 3, 7, 13, 14]","[0, 12]","[0, 12]","{""0"": 4.5, ""12"": 17.0}"
Instance3,gurobi_best,0,15,"[15, 5, 9, 11, 7, 13, 6, 13, 7, 11, 9, 5, 15]","[5, 6, 7, 9, 11, 13]","[3, 2]","[2, 3]","{""2"": 19.5, ""3"": 5.5}"
Instance3,gurobi_best,0,18,"[18, 8, 12, 4, 1, 14, 1, 4, 12, 8, 18]","[1, 4, 8, 12, 14]","[0, 10]","[0, 10]","{""0"": 2.5, ""10"": 9.0}"
Instance3,gurobi_best,1,15,"[15, 5, 9, 11, 2, 14, 1, 14, 2, 11, 9, 5, 15]","[1, 2, 5, 9, 11, 14]","[4, 13, 7]","[4, 7, 13]","{""13"": 18.0, ""4"": 4.0, ""7"": 39.0}"
Instance3,gurobi_best,1,18,"[18, 0, 10, 3, 10, 0, 18]","[0, 3, 10]","[8, 12, 6]","[6, 8, 12]","{""12"": 5.5, ""6"": 24.5, ""8"": 0.0}"
Instance3,gurobi_best,2,15,"[15, 9, 11, 2, 14, 1, 14, 2, 11, 9, 15]","[1, 2, 9, 11, 14]","[5, 4, 13, 7]","[4, 5, 7, 13]","{""13"": 18.0, ""4"": 4.0, ""5"": 0.0, ""7"": 39.0}"
Instance3,gurobi_best,2,18,"[18, 0, 10, 3, 10, 0, 18]","[0, 3, 10]","[8, 12, 6]","[6, 8, 12]","{""12"": 5.5, ""6"": 24.5, ""8"": 0.0}"
Instance3,gurobi_best,3,15,"[15, 9, 11, 2, 14, 2, 11, 7, 11, 9, 15]","[2, 7, 9, 11, 14]","[5, 3, 13]","[3, 5, 13]","{""13"": 21.0, ""3"": 5.5, ""5"": 0.0}"
Instance3,gurobi_best,3,18,"[18, 8, 12, 4, 1, 4, 12, 8, 18]","[1, 4, 8, 12]","[0, 10, 6]","[0, 6, 10]","{""0"": 2.5, ""10"": 9.0, ""6"": 26.5}"
Instance3,gurobi_best,4,15,"[15, 5, 9, 11, 7, 11, 9, 15]","[5, 7, 9, 11]","[3, 13]","[3, 13]","{""13"": 21.0, ""3"": 5.5}"
Instance3,gurobi_best,4,18,"[18, 8, 12, 4, 1, 14, 2, 14, 1, 4, 12, 18]","[1, 2, 4, 8, 12, 14]","[0, 10, 6]","[0, 6, 10]","{""0"": 2.5, ""10"": 9.0, ""6"": 26.5}"
Instance3,gurobi_best,5,15,"[15, 5, 9, 11, 2, 14, 2, 11, 7, 11, 9, 15]","[2, 5, 7, 9, 11, 14]","[4, 1, 13]","[1, 4, 13]","{""1"": 14.5, ""13"": 31.0, ""4"": 4.0}"
Instance3,gurobi_best,5,18,"[18, 8, 0, 10, 3, 10, 0, 18]","[0, 3, 8, 10]","[12, 6]","[6, 12]","{""12"": 5.5, ""6"": 24.5}"
Instance3,gurobi_best,6,15,"[15, 5, 9, 11, 7, 13, 6, 13, 7, 11, 9, 15]","[5, 6, 7, 9, 11, 13]","[3, 2]","[2, 3]","{""2"": 19.5, ""3"": 5.5}"
Instance3,gurobi_best,6,18,"[18, 8, 12, 4, 1, 14, 1, 4, 12, 18]","[1, 4, 8, 12, 14]","[0, 10]","[0, 10]","{""0"": 2.5, ""10"": 9.0}"
Instance3,gurobi_best,7,15,"[15, 5, 9, 11, 7, 13, 6, 13, 7, 11, 9, 15]","[5, 6, 7, 9, 11, 13]","[3, 2]","[2, 3]","{""2"": 19.5, ""3"": 5.5}"
Instance3,gurobi_best,7,18,"[18, 12, 4, 1, 14, 1, 4, 12, 18]","[1, 4, 12, 14]","[8, 0, 10]","[0, 8, 10]","{""0"": 2.5, ""10"": 9.0, ""8"": 0.0}"
Instance3,gurobi_best,8,15,"[15, 9, 11, 7, 11, 9, 15]","[7, 9, 11]","[5, 3, 13]","[3, 5, 13]","{""13"": 21.0, ""3"": 5.5, ""5"": 0.0}"
Instance3,gurobi_best,8,18,"[18, 12, 4, 1, 14, 2, 14, 1, 4, 12, 18]","[1, 2, 4, 12, 14]","[8, 0, 10, 6]","[0, 6, 8, 10]","{""0"": 2.5, ""10"": 9.0, ""6"": 26.5, ""8"": 0.0}"
Instance3,gurobi_best,9,15,"[15, 5, 9, 11, 2, 14, 2, 11, 7, 11, 9, 5, 15]","[2, 5, 7, 9, 11, 14]","[4, 1, 13]","[1, 4, 13]","{""1"": 14.5, ""13"": 31.0, ""4"": 4.0}"
Instance3,gurobi_best,9,18,"[18, 8, 0, 10, 3, 10, 0, 18]","[0, 3, 8, 10]","[12, 6]","[6, 12]","{""12"": 5.5, ""6"": 24.5}"
Instance4,gurobi_best,0,16,"[16, 7, 3, 7, 11, 3, 12, 2, 12, 3, 11, 7, 16]","[2, 3, 7, 11, 12]","[5, 14, 13, 9]","[5, 9, 13, 14]","{""13"": 6.0, ""14"": 1.5, ""5"": 0.0, ""9"": 21.5}"
Instance4,gurobi_best,0,17,"[17, 10, 1, 0, 4, 17]","[0, 1, 4, 10]","[8, 6]","[6, 8]","{""6"": 21.5, ""8"": 6.0}"
Instance4,gurobi_best,1,16,"[16, 5, 7, 3, 11, 3, 12, 3, 7, 5, 11, 16]","[3, 5, 7, 11, 12]","[14, 13, 2]","[2, 13, 14]","{""13"": 6.0, ""14"": 1.5, ""2"": 19.0}"
Instance4,gurobi_best,1,17,"[17, 10, 4, 8, 4, 10, 6, 8, 6, 17]","[4, 6, 8, 10]","[1, 0, 9]","[0, 1, 9]","{""0"": 8.0, ""1"": 2.5, ""9"": 24.5}"
Instance4,gurobi_best,2,16,"[16, 5, 7, 3, 11, 16]","[3, 5, 7, 11]","[14, 13, 12]","[12, 13, 14]","{""12"": 20.5, ""13"": 6.0, ""14"": 1.5}"
Instance4,gurobi_best,2,17,"[17, 8, 6, 9, 2, 9, 6, 8, 17]","[2, 6, 8, 9]","[10, 1, 0, 4]","[0, 1, 4, 10]","{""0"": 8.0, ""1"": 2.5, ""10"": 0.0, ""4"": 17.0}"
Instance4,gurobi_best,3,16,"[16, 5, 7, 13, 7, 3, 11, 7, 16]","[3, 5, 7, 11, 13]","[14, 12]","[12, 14]","{""12"": 14.5, ""14"": 1.5}"
Instance4,gurobi_best,3,17,"[17, 8, 6, 9, 2, 9, 6, 17]","[2, 6, 8, 9]","[10, 1, 0, 4]","[0, 1, 4, 10]","{""0"": 8.0, ""1"": 2.5, ""10"": 0.0, ""4"": 17.0}"
Instance4,gurobi_best,4,16,"[16, 5, 7, 3, 11, 3, 12, 3, 7, 5, 16]","[3, 5, 7, 11, 12]","[14, 13, 2]","[2, 13, 14]","{""13"": 6.0, ""14"": 1.5, ""2"": 19.0}"
Instance4,gurobi_best,4,17,"[17, 10, 8, 6, 9, 6, 17]","[6, 8, 9, 10]","[1, 0, 4]","[0, 1, 4]","{""0"": 8.0, ""1"": 2.5, ""4"": 17.0}"
Instance4,gurobi_best,5,16,"[16, 5, 7, 3, 11, 3, 12, 3, 7, 11, 5, 11, 7, 16]","[3, 5, 7, 11, 12]","[14, 13, 2]","[2, 13, 14]","{""13"": 6.0, ""14"": 1.5, ""2"": 19.0}"
Instance4,gurobi_best,5,17,"[17, 10, 8, 6, 9, 6, 10, 17]","[6, 8, 9, 10]","[1, 0, 4]","[0, 1, 4]","{""0"": 8.0, ""1"": 2.5, ""4"": 17.0}"
Instance4,gurobi_best,6,16,"[16, 5, 7, 3, 11, 3, 12, 3, 7, 11, 7, 5, 16]","[3, 5, 7, 11, 12]","[14, 13, 2]","[2, 13, 14]","{""13"": 6.0, ""14"": 1.5, ""2"": 19.0}"
Instance4,gurobi_best,6,17,"[17, 10, 8, 6, 9, 6, 10, 6, 8, 10, 17]","[6, 8, 9, 10]","[1, 0, 4]","[0, 1, 4]","{""0"": 8.0, ""1"": 2.5, ""4"": 17.0}"
Instance4,gurobi_best,7,16,"[16, 5, 7, 3, 11, 3, 12, 3, 7, 11, 7, 5, 16]","[3, 5, 7, 11, 12]","[14, 13, 2]","[2, 13, 14]","{""13"": 6.0, ""14"": 1.5, ""2"": 19.0}"
Instance4,gurobi_best,7,17,"[17, 10, 8, 6, 9, 6, 8, 17]","[6, 8, 9, 10]","[1, 0, 4]","[0, 1, 4]","{""0"": 8.0, ""1"": 2.5, ""4"": 17.0}"
Instance4,gurobi_best,8,16,"[16, 5, 7, 3, 11, 3, 12, 2, 12, 3, 7, 16]","[2, 3, 5, 7, 11, 12]","[14, 13, 9]","[9, 13, 14]","{""13"": 6.0, ""14"": 1.5, ""9"": 21.5}"
Instance4,gurobi_best,8,17,"[17, 10, 6, 10, 8, 6, 17]","[6, 8, 10]","[1, 0, 4]","[0, 1, 4]","{""0"": 8.0, ""1"": 2.5, ""4"": 17.0}"
Instance4,gurobi_best,9,16,"[16, 5, 7, 3, 11, 3, 12, 3, 7, 5, 16]","[3, 5, 7, 11, 12]","[14, 13, 2]","[2, 13, 14]","{""13"": 6.0, ""14"": 1.5, ""2"": 19.0}"
Instance4,gurobi_best,9,17,"[17, 10, 8, 6, 9, 6, 17]","[6, 8, 9, 10]","[1, 0, 4]","[0, 1, 4]","{""0"": 8.0, ""1"": 2.5, ""4"": 17.0}"
Instance5,gurobi_best,0,17,"[17, 5, 4, 5, 6, 4, 6, 11, 8, 5, 8, 11, 6, 17]","[4, 5, 6, 8, 11]","[9, 13]","[9, 13]","{""13"": 22.5, ""9"": 5.0}"
Instance5,gurobi_best,0,19,"[19, 10, 2, 12, 7, 12, 0, 1, 0, 12, 2, 19]","[0, 1, 2, 7, 10, 12]","[14, 3]","[3, 14]","{""14"": 3.5, ""3"": 14.0}"
Instance5,gurobi_best,1,17,"[17, 5, 4, 6, 11, 8, 5, 6, 4, 5, 8, 17]","[4, 5, 6, 8, 11]","[9, 1]","[1, 9]","{""1"": 18.0, ""9"": 5.0}"
Instance5,gurobi_best,1,19,"[19, 10, 2, 12, 7, 12, 0, 12, 2, 19]","[0, 2, 7, 10, 12]","[14, 13, 3]","[3, 13, 14]","{""13"": 13.5, ""14"": 3.5, ""3"": 27.0}"
Instance5,gurobi_best,2,17,"[17, 4, 6, 11, 8, 17]","[4, 6, 8, 11]","[5, 9, 13]","[5, 9, 13]","{""13"": 22.5, ""5"": 0.0, ""9"": 5.0}"
Instance5,gurobi_best,2,19,"[19, 10, 2, 12, 7, 12, 0, 1, 0, 12, 2, 19]","[0, 1, 2, 7, 10, 12]","[14, 3]","[3, 14]","{""14"": 3.5, ""3"": 14.0}"
Instance5,gurobi_best,3,17,"[17, 5, 6, 4, 6, 11, 1, 11, 6, 17]","[1, 4, 5, 6, 11]","[9, 8]","[8, 9]","{""8"": 21.5, ""9"": 5.0}"
Instance5,gurobi_best,3,19,"[19, 2, 12, 7, 12, 0, 12, 2, 19]","[0, 2, 7, 12]","[10, 14, 13, 3]","[3, 10, 13, 14]","{""10"": 0.0, ""13"": 13.5, ""14"": 3.5, ""3"": 27.0}"
Instance5,gurobi_best,4,17,"[17, 5, 6, 4, 5, 8, 5, 17]","[4, 5, 6, 8]","[9, 11]","[9, 11]","{""11"": 15.5, ""9"": 5.0}"
Instance5,gurobi_best,4,19,"[19, 10, 2, 12, 7, 12, 0, 1, 0, 12, 2, 19]","[0, 1, 2, 7, 10, 12]","[14, 13, 3]","[3, 13, 14]","{""13"": 13.5, ""14"": 3.5, ""3"": 27.0}"
Instance5,gurobi_best,5,17,"[17, 5, 6, 4, 6, 5, 8, 17]","[4, 5, 6, 8]","[9, 11]","[9, 11]","{""11"": 15.5, ""9"": 5.0}"
Instance5,gurobi_best,5,19,"[19, 2, 12, 7, 12, 0, 1, 0, 12, 2, 19]","[0, 1, 2, 7, 12]","[10, 14, 13, 3]","[3, 10, 13, 14]","{""10"": 0.0, ""13"": 13.5, ""14"": 3.5, ""3"": 27.0}"
Instance5,gurobi_best,6,17,"[17, 6, 4, 6, 11, 6, 17]","[4, 6, 11]","[5, 9, 8]","[5, 8, 9]","{""5"": 0.0, ""8"": 21.5, ""9"": 5.0}"
Instance5,gurobi_best,6,19,"[19, 10, 2, 12, 7, 12, 0, 1, 0, 12, 2, 10, 19]","[0, 1, 2, 7, 10, 12]","[14, 13, 3]","[3, 13, 14]","{""13"": 13.5, ""14"": 3.5, ""3"": 27.0}"
Instance5,gurobi_best,7,17,"[17, 5, 6, 4, 6, 11, 8, 11, 6, 5, 8, 5, 17]","[4, 5, 6, 8, 11]","[9, 13]","[9, 13]","{""13"": 22.5, ""9"": 5.0}"
Instance5,gurobi_best,7,19,"[19, 10, 2, 12, 7, 12, 0, 1, 0, 12, 2, 19]","[0, 1, 2, 7, 10, 12]","[14, 3]","[3, 14]","{""14"": 3.5, ""3"": 14.0}"
Instance5,gurobi_best,8,17,"[17, 5, 4, 6, 11, 8, 17]","[4, 5, 6, 8, 11]","[9, 13]","[9, 13]","{""13"": 22.5, ""9"": 5.0}"
Instance5,gurobi_best,8,19,"[19, 10, 2, 12, 7, 12, 0, 1, 0, 12, 2, 19]","[0, 1, 2, 7, 10, 12]","[14, 3]","[3, 14]","{""14"": 3.5, ""3"": 14.0}"
Instance5,gurobi_best,9,17,"[17, 5, 4, 5, 6, 4, 6, 11, 6, 17]","[4, 5, 6, 11]","[9, 8]","[8, 9]","{""8"": 21.5, ""9"": 5.0}"
Instance5,gurobi_best,9,19,"[19, 10, 2, 12, 7, 12, 0, 1, 0, 12, 2, 19]","[0, 1, 2, 7, 10, 12]","[14, 13, 3]","[3, 13, 14]","{""13"": 13.5, ""14"": 3.5, ""3"": 27.0}"
Instance6,gurobi_best,0,15,"[15, 3, 1, 12, 8, 4, 15]","[1, 3, 4, 8, 12]","[14, 11]","[11, 14]","{""11"": 14.0, ""14"": 3.5}"
Instance6,gurobi_best,0,16,"[16, 7, 2, 0, 5, 6, 13, 6, 16]","[0, 2, 5, 6, 7, 13]","[10, 9]","[9, 10]","{""10"": 5.5, ""9"": 19.5}"
Instance6,gurobi_best,1,15,"[15, 3, 15]",[3],"[14, 1, 4, 11, 8, 12]","[1, 4, 8, 11, 12, 14]","{""1"": 13.0, ""11"": 39.0, ""12"": 68.5, ""14"": 3.5, ""4"": 25.5, ""8"": 53.5}"
Instance6,gurobi_best,1,16,"[16, 2, 16]",[2],"[7, 0, 5, 6, 10, 9, 13]","[0, 5, 6, 7, 9, 10, 13]","{""0"": 3.5, ""10"": 28.5, ""13"": 61.0, ""5"": 11.0, ""6"": 19.0, ""7"": 0.0, ""9"": 42.5}"
Instance6,gurobi_best,2,15,"[15, 1, 12, 8, 4, 8, 12, 1, 15]","[1, 4, 8, 12]","[3, 14, 11]","[3, 11, 14]","{""11"": 14.0, ""14"": 3.5, ""3"": 0.0}"
Instance6,gurobi_best,2,16,"[16, 7, 2, 0, 2, 5, 6, 7, 6, 13, 6, 16]","[0, 2, 5, 6, 7, 13]","[10, 9]","[9, 10]","{""10"": 5.5, ""9"": 19.5}"
Instance6,gurobi_best,3,15,"[15, 1, 12, 8, 4, 15]","[1, 4, 8, 12]","[3, 14, 11]","[3, 11, 14]","{""11"": 14.0, ""14"": 3.5, ""3"": 0.0}"
Instance6,gurobi_best,3,16,"[16, 7, 2, 0, 5, 6, 10, 5, 10, 9, 10, 16]","[0, 2, 5, 6, 7, 9, 10]",[13],[13],"{""13"": 10.0}"
Instance6,gurobi_best,4,15,"[15, 3, 15]",[3],"[14, 1, 4, 11, 8, 12]","[1, 4, 8, 11, 12, 14]","{""1"": 13.0, ""11"": 39.0, ""12"": 68.5, ""14"": 3.5, ""4"": 25.5, ""8"": 53.5}"
Instance6,gurobi_best,4,16,"[16, 7, 16]",[7],"[2, 0, 5, 6, 10, 9, 13]","[0, 2, 5, 6, 9, 10, 13]","{""0"": 9.5, ""10"": 34.5, ""13"": 67.0, ""2"": 3.0, ""5"": 17.0, ""6"": 25.0, ""9"": 48.5}"
Instance6,gurobi_best,5,15,"[15, 3, 14, 11, 14, 1, 12, 1, 15]","[1, 3, 11, 12, 14]","[4, 8]","[4, 8]","{""4"": 6.5, ""8"": 20.5}"
Instance6,gurobi_best,5,16,"[16, 2, 0, 2, 5, 0, 5, 10, 9, 10, 16]","[0, 2, 5, 9, 10]","[7, 6, 13]","[6, 7, 13]","{""13"": 18.0, ""6"": 4.0, ""7"": 0.0}"
Instance6,gurobi_best,6,15,"[15, 3, 15]",[3],"[14, 1, 4, 11, 8, 12]","[1, 4, 8, 11, 12, 14]","{""1"": 13.0, ""11"": 39.0, ""12"": 68.5, ""14"": 3.5, ""4"": 25.5, ""8"": 53.5}"
Instance6,gurobi_best,6,16,"[16, 7, 2, 16]","[2, 7]","[0, 5, 6, 10, 9, 13]","[0, 5, 6, 9, 10, 13]","{""0"": 3.5, ""10"": 28.5, ""13"": 61.0, ""5"": 11.0, ""6"": 19.0, ""9"": 42.5}"
Instance6,gurobi_best,7,15,"[15, 3, 15]",[3],"[14, 1, 4, 11, 8, 12]","[1, 4, 8, 11, 12, 14]","{""1"": 13.0, ""11"": 39.0, ""12"": 68.5, ""14"": 3.5, ""4"": 25.5, ""8"": 53.5}"
Instance6,gurobi_best,7,16,"[16, 7, 2, 16]","[2, 7]","[0, 5, 6, 10, 9, 13]","[0, 5, 6, 9, 10, 13]","{""0"": 3.5, ""10"": 28.5, ""13"": 61.0, ""5"": 11.0, ""6"": 19.0, ""9"": 42.5}"
Instance6,gurobi_best,8,15,"[15, 3, 15]",[3],"[14, 1, 4, 11, 8, 12]","[1, 4, 8, 11, 12, 14]","{""1"": 13.0, ""11"": 39.0, ""12"": 68.5, ""14"": 3.5, ""4"": 25.5, ""8"": 53.5}"
Instance6,gurobi_best,8,16,"[16, 7, 2, 16]","[2, 7]","[0, 5, 6, 10, 9, 13]","[0, 5, 6, 9, 10, 13]","{""0"": 3.5, ""10"": 28.5, ""13"": 61.0, ""5"": 11.0, ""6"": 19.0, ""9"": 42.5}"
Instance6,gurobi_best,9,15,"[15, 3, 14, 11, 3, 1, 12, 1, 3, 15]","[1, 3, 11, 12, 14]","[4, 8]","[4, 8]","{""4"": 6.5, ""8"": 20.5}"
Instance6,gurobi_best,9,16,"[16, 7, 2, 0, 5, 2, 5, 6, 10, 7, 10, 9, 10, 16]","[0, 2, 5, 6, 7, 9, 10]",[13],[13],"{""13"": 10.0}"
Instance7,gurobi_best,0,16,"[16, 14, 4, 9, 4, 14, 16]","[4, 9, 14]","[5, 6, 12, 3]","[3, 5, 6, 12]","{""12"": 35.5, ""3"": 247.5, ""5"": 0.0, ""6"": 7.5}"
Instance7,gurobi_best,0,18,"[18, 8, 2, 10, 2, 11, 2, 13, 10, 13, 2, 18]","[2, 8, 10, 11, 13]","[1, 7, 0]","[0, 1, 7]","{""0"": 223.5, ""1"": 31.0, ""7"": 100.5}"
Instance7,gurobi_best,1,16,"[16, 5, 6, 12, 9, 14, 5, 14, 16]","[5, 6, 9, 12, 14]","[4, 3]","[3, 4]","{""3"": 308.5, ""4"": 58.5}"
Instance7,gurobi_best,1,18,"[18, 8, 2, 10, 2, 11, 2, 13, 10, 13, 2, 18]","[2, 8, 10, 11, 13]","[1, 7, 0]","[0, 1, 7]","{""0"": 223.5, ""1"": 31.0, ""7"": 100.5}"
Instance7,gurobi_best,2,16,"[16, 5, 14, 4, 9, 4, 14, 9, 14, 16]","[4, 5, 9, 14]","[6, 12, 3]","[3, 6, 12]","{""12"": 35.5, ""3"": 247.5, ""6"": 7.5}"
Instance7,gurobi_best,2,18,"[18, 2, 10, 2, 11, 2, 13, 10, 13, 2, 18]","[2, 10, 11, 13]","[8, 1, 7, 0]","[0, 1, 7, 8]","{""0"": 223.5, ""1"": 31.0, ""7"": 100.5, ""8"": 0.0}"
Instance7,gurobi_best,3,16,"[16, 14, 4, 14, 9, 14, 16]","[4, 9, 14]","[5, 6, 12, 3]","[3, 5, 6, 12]","{""12"": 35.5, ""3"": 247.5, ""5"": 0.0, ""6"": 7.5}"
Instance7,gurobi_best,3,18,"[18, 2, 10, 2, 11, 2, 13, 10, 13, 2, 18]","[2, 10, 11, 13]","[8, 1, 7, 0]","[0, 1, 7, 8]","{""0"": 223.5, ""1"": 31.0, ""7"": 100.5, ""8"": 0.0}"
Instance7,gurobi_best,4,16,"[16, 14, 4, 9, 4, 14, 9, 14, 16]","[4, 9, 14]","[5, 6, 12, 3]","[3, 5, 6, 12]","{""12"": 35.5, ""3"": 247.5, ""5"": 0.0, ""6"": 7.5}"
Instance7,gurobi_best,4,18,"[18, 8, 2, 13, 10, 2, 11, 2, 18]","[2, 8, 10, 11, 13]","[1, 7, 0]","[0, 1, 7]","{""0"": 223.5, ""1"": 31.0, ""7"": 100.5}"
Instance7,gurobi_best,5,16,"[16, 5, 6, 12, 6, 5, 14, 4, 14, 9, 12, 16]","[4, 5, 6, 9, 12, 14]",[],[],{}
Instance7,gurobi_best,5,18,"[18, 8, 1, 8, 2, 13, 10, 13, 2, 11, 0, 11, 3, 11, 2, 8, 18]","[0, 1, 2, 3, 8, 10, 11, 13]",[7],[7],"{""7"": 38.5}"
Instance7,gurobi_best,6,16,"[16, 5, 14, 4, 9, 14, 5, 16]","[4, 5, 9, 14]","[6, 12, 3]","[3, 6, 12]","{""12"": 35.5, ""3"": 247.5, ""6"": 7.5}"
Instance7,gurobi_best,6,18,"[18, 8, 2, 13, 10, 2, 11, 2, 18]","[2, 8, 10, 11, 13]","[1, 7, 0]","[0, 1, 7]","{""0"": 223.5, ""1"": 31.0, ""7"": 100.5}"
Instance7,gurobi_best,7,16,"[16, 14, 4, 9, 4, 14, 16]","[4, 9, 14]","[5, 6, 12, 3]","[3, 5, 6, 12]","{""12"": 35.5, ""3"": 247.5, ""5"": 0.0, ""6"": 7.5}"
Instance7,gurobi_best,7,18,"[18, 8, 2, 13, 10, 13, 2, 11, 2, 18]","[2, 8, 10, 11, 13]","[1, 7, 0]","[0, 1, 7]","{""0"": 223.5, ""1"": 31.0, ""7"": 100.5}"
Instance7,gurobi_best,8,16,"[16, 14, 4, 14, 9, 14, 16]","[4, 9, 14]","[5, 6, 12, 3]","[3, 5, 6, 12]","{""12"": 35.5, ""3"": 247.5, ""5"": 0.0, ""6"": 7.5}"
Instance7,gurobi_best,8,18,"[18, 8, 2, 13, 10, 2, 11, 2, 18]","[2, 8, 10, 11, 13]","[1, 7, 0]","[0, 1, 7]","{""0"": 223.5, ""1"": 31.0, ""7"": 100.5}"
Instance7,gurobi_best,9,16,"[16, 14, 4, 9, 14, 16]","[4, 9, 14]","[5, 6, 12, 3]","[3, 5, 6, 12]","{""12"": 35.5, ""3"": 247.5, ""5"": 0.0, ""6"": 7.5}"
Instance7,gurobi_best,9,18,"[18, 8, 2, 13, 10, 2, 11, 2, 18]","[2, 8, 10, 11, 13]","[1, 7, 0]","[0, 1, 7]","{""0"": 223.5, ""1"": 31.0, ""7"": 100.5}"
Instance8,gurobi_best,0,15,"[15, 1, 2, 5, 6, 7, 6, 5, 2, 15]","[1, 2, 5, 6, 7]","[11, 10, 8]","[8, 10, 11]","{""10"": 5.0, ""11"": 1.5, ""8"": 11.5}"
Instance8,gurobi_best,0,19,"[19, 12, 4, 13, 3, 13, 4, 12, 19]","[3, 4, 12, 13]","[14, 9, 0]","[0, 9, 14]","{""0"": 13.5, ""14"": 0.0, ""9"": 2.0}"
Instance8,gurobi_best,1,15,"[15, 1, 11, 1, 2, 5, 6, 5, 2, 15]","[1, 2, 5, 6, 11]","[10, 8]","[8, 10]","{""10"": 2.0, ""8"": 8.5}"
Instance8,gurobi_best,1,19,"[19, 14, 12, 4, 13, 3, 7, 4, 3, 4, 12, 14, 13, 14, 19]","[3, 4, 7, 12, 13, 14]","[9, 0]","[0, 9]","{""0"": 13.5, ""9"": 2.0}"
Instance8,gurobi_best,2,15,"[15, 11, 2, 5, 6, 5, 2, 11, 15]","[2, 5, 6, 11]","[1, 10, 8]","[1, 8, 10]","{""1"": 0.0, ""10"": 2.0, ""8"": 8.5}"
Instance8,gurobi_best,2,19,"[19, 14, 12, 4, 3, 4, 12, 14, 13, 3, 7, 3, 13, 4, 13, 14, 19]","[3, 4, 7, 12, 13, 14]","[9, 0]","[0, 9]","{""0"": 13.5, ""9"": 2.0}"
Instance8,gurobi_best,3,15,"[15, 11, 10, 11, 2, 5, 2, 15]","[2, 5, 10, 11]","[1, 8, 6]","[1, 6, 8]","{""1"": 0.0, ""6"": 19.5, ""8"": 4.5}"
Instance8,gurobi_best,3,19,"[19, 14, 12, 4, 3, 7, 4, 13, 3, 13, 14, 13, 19]","[3, 4, 7, 12, 13, 14]","[9, 0]","[0, 9]","{""0"": 13.5, ""9"": 2.0}"
Instance8,gurobi_best,4,15,"[15, 1, 11, 1, 2, 5, 6, 5, 2, 15]","[1, 2, 5, 6, 11]","[10, 8]","[8, 10]","{""10"": 2.0, ""8"": 8.5}"
Instance8,gurobi_best,4,19,"[19, 14, 12, 4, 13, 3, 7, 3, 13, 14, 13, 4, 12, 19]","[3, 4, 7, 12, 13, 14]","[9, 0]","[0, 9]","{""0"": 13.5, ""9"": 2.0}"
Instance8,gurobi_best,5,15,"[15, 2, 5, 6, 7, 6, 5, 2, 15]","[2, 5, 6, 7]","[1, 11, 10, 8]","[1, 8, 10, 11]","{""1"": 0.0, ""10"": 5.0, ""11"": 1.5, ""8"": 11.5}"
Instance8,gurobi_best,5,19,"[19, 14, 12, 4, 13, 3, 13, 19]","[3, 4, 12, 13, 14]","[9, 0]","[0, 9]","{""0"": 13.5, ""9"": 2.0}"
Instance8,gurobi_best,6,15,"[15, 1, 11, 2, 5, 6, 5, 2, 11, 15]","[1, 2, 5, 6, 11]","[10, 8]","[8, 10]","{""10"": 2.0, ""8"": 8.5}"
Instance8,gurobi_best,6,19,"[19, 14, 12, 4, 3, 4, 12, 14, 13, 3, 7, 3, 13, 4, 13, 19]","[3, 4, 7, 12, 13, 14]","[9, 0]","[0, 9]","{""0"": 13.5, ""9"": 2.0}"
Instance8,gurobi_best,7,15,"[15, 2, 5, 6, 5, 2, 15]","[2, 5, 6]","[1, 11, 10, 8]","[1, 8, 10, 11]","{""1"": 0.0, ""10"": 5.0, ""11"": 1.5, ""8"": 11.5}"
Instance8,gurobi_best,7,19,"[19, 12, 4, 13, 3, 7, 3, 13, 19]","[3, 4, 7, 12, 13]","[14, 9, 0]","[0, 9, 14]","{""0"": 13.5, ""14"": 0.0, ""9"": 2.0}"
Instance8,gurobi_best,8,15,"[15, 1, 2, 5, 6, 7, 6, 5, 2, 15]","[1, 2, 5, 6, 7]","[11, 10, 8]","[8, 10, 11]","{""10"": 5.0, ""11"": 1.5, ""8"": 11.5}"
Instance8,gurobi_best,8,19,"[19, 12, 4, 13, 3, 13, 19]","[3, 4, 12, 13]","[14, 9, 0]","[0, 9, 14]","{""0"": 13.5, ""14"": 0.0, ""9"": 2.0}"
Instance8,gurobi_best,9,15,"[15, 1, 2, 5, 6, 5, 2, 11, 1, 11, 2, 15]","[1, 2, 5, 6, 11]","[10, 8]","[8, 10]","{""10"": 2.0, ""8"": 8.5}"
Instance8,gurobi_best,9,19,"[19, 14, 12, 4, 3, 4, 12, 14, 13, 3, 7, 3, 13, 4, 13, 14, 19]","[3, 4, 7, 12, 13, 14]","[9, 0]","[0, 9]","{""0"": 13.5, ""9"": 2.0}"
Instance9,gurobi_best,0,17,"[17, 6, 14, 12, 7, 12, 14, 17]","[6, 7, 12, 14]","[0, 9, 2]","[0, 2, 9]","{""0"": 17.5, ""2"": 193.5, ""9"": 66.5}"
Instance9,gurobi_best,0,19,"[19, 13, 10, 1, 10, 11, 5, 8, 3, 8, 5, 11, 10, 5, 10, 19]","[1, 3, 5, 8, 10, 11, 13]",[4],[4],"{""4"": 88.5}"
Instance9,gurobi_best,1,17,"[17, 6, 14, 12, 7, 12, 14, 17]","[6, 7, 12, 14]","[0, 9, 2]","[0, 2, 9]","{""0"": 17.5, ""2"": 193.5, ""9"": 66.5}"
Instance9,gurobi_best,1,19,"[19, 13, 10, 5, 8, 3, 8, 5, 10, 11, 5, 11, 10, 19]","[3, 5, 8, 10, 11, 13]","[1, 4]","[1, 4]","{""1"": 43.0, ""4"": 174.5}"
Instance9,gurobi_best,2,17,"[17, 6, 14, 12, 7, 4, 7, 12, 14, 17]","[4, 6, 7, 12, 14]","[0, 9, 3]","[0, 3, 9]","{""0"": 17.5, ""3"": 193.5, ""9"": 66.5}"
Instance9,gurobi_best,2,19,"[19, 10, 1, 11, 5, 8, 5, 10, 11, 1, 10, 19]","[1, 5, 8, 10, 11]","[13, 2]","[2, 13]","{""13"": 0.0, ""2"": 88.0}"
Instance9,gurobi_best,3,17,"[17, 6, 14, 12, 7, 12, 14, 17]","[6, 7, 12, 14]","[0, 9, 2]","[0, 2, 9]","{""0"": 17.5, ""2"": 193.5, ""9"": 66.5}"
Instance9,gurobi_best,3,19,"[19, 10, 1, 11, 5, 8, 3, 8, 5, 10, 11, 10, 19]","[1, 3, 5, 8, 10, 11]","[13, 4]","[4, 13]","{""13"": 0.0, ""4"": 88.5}"
Instance9,gurobi_best,4,17,"[17, 6, 14, 12, 7, 12, 14, 6, 17]","[6, 7, 12, 14]","[0, 9, 2]","[0, 2, 9]","{""0"": 17.5, ""2"": 193.5, ""9"": 66.5}"
Instance9,gurobi_best,4,19,"[19, 10, 1, 11, 5, 8, 3, 8, 5, 10, 19]","[1, 3, 5, 8, 10, 11]","[13, 4]","[4, 13]","{""13"": 0.0, ""4"": 88.5}"
Instance9,gurobi_best,5,17,"[17, 14, 12, 7, 2, 12, 14, 17]","[2, 7, 12, 14]","[6, 0, 9, 3]","[0, 3, 6, 9]","{""0"": 17.5, ""3"": 193.5, ""6"": 0.0, ""9"": 66.5}"
Instance9,gurobi_best,5,19,"[19, 10, 1, 10, 11, 5, 8, 5, 11, 10, 19]","[1, 5, 8, 10, 11]","[13, 4]","[4, 13]","{""13"": 0.0, ""4"": 88.5}"
Instance9,gurobi_best,6,17,"[17, 6, 14, 12, 7, 2, 12, 14, 6, 17]","[2, 6, 7, 12, 14]","[0, 9, 3]","[0, 3, 9]","{""0"": 17.5, ""3"": 193.5, ""9"": 66.5}"
Instance9,gurobi_best,6,19,"[19, 13, 10, 5, 8, 5, 10, 11, 5, 11, 10, 19]","[5, 8, 10, 11, 13]","[1, 4]","[1, 4]","{""1"": 43.0, ""4"": 174.5}"
Instance9,gurobi_best,7,17,"[17, 6, 0, 9, 0, 3, 8, 3, 0, 17]","[0, 3, 6, 8, 9]","[14, 12, 7]","[7, 12, 14]","{""12"": 202.0, ""14"": 65.0, ""7"": 387.0}"
Instance9,gurobi_best,7,19,"[19, 10, 1, 10, 11, 5, 11, 10, 5, 10, 19]","[1, 5, 10, 11]","[13, 2, 4]","[2, 4, 13]","{""13"": 0.0, ""2"": 88.0, ""4"": 264.5}"
Instance9,gurobi_best,8,17,"[17, 6, 14, 12, 7, 12, 14, 6, 17]","[6, 7, 12, 14]","[0, 9, 2]","[0, 2, 9]","{""0"": 17.5, ""2"": 193.5, ""9"": 66.5}"
Instance9,gurobi_best,8,19,"[19, 13, 10, 1, 11, 5, 8, 3, 8, 5, 11, 10, 13, 19]","[1, 3, 5, 8, 10, 11, 13]",[4],[4],"{""4"": 88.5}"
Instance9,gurobi_best,9,17,"[17, 14, 12, 7, 12, 14, 17]","[7, 12, 14]","[6, 0, 9, 2]","[0, 2, 6, 9]","{""0"": 17.5, ""2"": 193.5, ""6"": 0.0, ""9"": 66.5}"
Instance9,gurobi_best,9,19,"[19, 13, 10, 1, 10, 11, 5, 8, 3, 8, 5, 11, 10, 5, 10, 13, 19]","[1, 3, 5, 8, 10, 11, 13]",[4],[4],"{""4"": 88.5}"
Instance10,gurobi_best,0,17,"[17, 6, 13, 3, 13, 6, 17]","[3, 6, 13]","[4, 10, 9]","[4, 9, 10]","{""10"": 41.5, ""4"": 0.0, ""9"": 264.0}"
Instance10,gurobi_best,0,19,"[19, 12, 7, 5, 2, 8, 2, 5, 7, 19]","[2, 5, 7, 8, 12]","[14, 1, 11, 0]","[0, 1, 11, 14]","{""0"": 361.0, ""1"": 62.5, ""11"": 202.5, ""14"": 0.0}"
Instance10,gurobi_best,1,17,"[17, 4, 6, 13, 10, 13, 3, 13, 6, 4, 10, 17]","[3, 4, 6, 10, 13]",[],[],{}
Instance10,gurobi_best,1,19,"[19, 1, 11, 0, 8, 2, 9, 5, 7, 2, 8, 0, 11, 19]","[0, 1, 2, 5, 7, 8, 9, 11]","[14, 12]","[12, 14]","{""12"": 28.5, ""14"": 0.0}"
Instance10,gurobi_best,2,17,"[17, 4, 6, 13, 3, 13, 6, 4, 17]","[3, 4, 6, 13]","[10, 0]","[0, 10]","{""0"": 247.5, ""10"": 41.5}"
Instance10,gurobi_best,2,19,"[19, 14, 7, 5, 9, 2, 8, 2, 5, 7, 14, 12, 7, 19]","[2, 5, 7, 8, 9, 12, 14]","[1, 11]","[1, 11]","{""1"": 62.5, ""11"": 202.5}"
Instance10,gurobi_best,3,17,"[17, 4, 6, 13, 3, 13, 6, 17]","[3, 4, 6, 13]","[10, 0]","[0, 10]","{""0"": 247.5, ""10"": 41.5}"
Instance10,gurobi_best,3,19,"[19, 14, 7, 2, 5, 2, 7, 5, 9, 2, 8, 2, 9, 7, 14, 12, 7, 19]","[2, 5, 7, 8, 9, 12, 14]","[1, 11]","[1, 11]","{""1"": 62.5, ""11"": 202.5}"
Instance10,gurobi_best,4,17,"[17, 4, 10, 13, 3, 13, 10, 17]","[3, 4, 10, 13]","[6, 8]","[6, 8]","{""6"": 31.5, ""8"": 264.5}"
Instance10,gurobi_best,4,19,"[19, 14, 12, 7, 2, 7, 5, 9, 2, 9, 7, 19]","[2, 5, 7, 9, 12, 14]","[1, 11, 0]","[0, 1, 11]","{""0"": 361.0, ""1"": 62.5, ""11"": 202.5}"
Instance10,gurobi_best,5,17,"[17, 4, 10, 13, 3, 13, 10, 17]","[3, 4, 10, 13]","[6, 5]","[5, 6]","{""5"": 198.5, ""6"": 31.5}"
Instance10,gurobi_best,5,19,"[19, 11, 0, 8, 2, 9, 2, 8, 0, 11, 19]","[0, 2, 8, 9, 11]","[14, 12, 7, 1]","[1, 7, 12, 14]","{""1"": 187.5, ""12"": 28.5, ""14"": 0.0, ""7"": 91.0}"
Instance10,gurobi_best,6,17,"[17, 4, 10, 13, 3, 13, 10, 17]","[3, 4, 10, 13]","[6, 0]","[0, 6]","{""0"": 227.5, ""6"": 31.5}"
Instance10,gurobi_best,6,19,"[19, 14, 7, 5, 2, 5, 9, 2, 8, 2, 7, 12, 7, 14, 12, 19]","[2, 5, 7, 8, 9, 12, 14]","[1, 11]","[1, 11]","{""1"": 62.5, ""11"": 202.5}"
Instance10,gurobi_best,7,17,"[17, 4, 6, 13, 3, 13, 6, 4, 17]","[3, 4, 6, 13]","[10, 5]","[5, 10]","{""10"": 41.5, ""5"": 218.5}"
Instance10,gurobi_best,7,19,"[19, 14, 11, 0, 8, 2, 9, 2, 8, 0, 11, 19]","[0, 2, 8, 9, 11, 14]","[12, 7, 1]","[1, 7, 12]","{""1"": 187.5, ""12"": 28.5, ""7"": 91.0}"
Instance10,gurobi_best,8,17,"[17, 4, 10, 13, 3, 13, 10, 17]","[3, 4, 10, 13]","[6, 9]","[6, 9]","{""6"": 31.5, ""9"": 244.0}"
Instance10,gurobi_best,8,19,"[19, 1, 11, 0, 8, 2, 8, 0, 11, 19]","[0, 1, 2, 8, 11]","[14, 12, 7, 5]","[5, 7, 12, 14]","{""12"": 28.5, ""14"": 0.0, ""5"": 220.0, ""7"": 91.0}"
Instance10,gurobi_best,9,17,"[17, 10, 13, 3, 13, 10, 17]","[3, 10, 13]","[4, 6, 0]","[0, 4, 6]","{""0"": 227.5, ""4"": 0.0, ""6"": 31.5}"
Instance10,gurobi_best,9,19,"[19, 12, 7, 5, 9, 2, 8, 2, 5, 2, 9, 7, 2, 7, 19]","[2, 5, 7, 8, 9, 12]","[14, 1, 11]","[1, 11, 14]","{""1"": 62.5, ""11"": 202.5, ""14"": 0.0}"
